post_twitter_id,author,content,created_at,url,original_author_twitter_id,original_author_screen_name
745933645177831426,newlnzlouh,"RT @annakiril3: Smart TV vs. Media Streamer
https://t.co/axBC7SlhsE",Thu Jun 23 10:56:54 +0000 2016,http://twitter.com/newlnzlouh/status/745933645177831426,714704685815476224,annakiril3
745933067571838976,willi1o1m1,"RT @annakiril3: Smart TV vs. Media Streamer
https://t.co/axBC7SlhsE",Thu Jun 23 10:54:36 +0000 2016,http://twitter.com/willi1o1m1/status/745933067571838976,714704685815476224,annakiril3
745932920158838785,MpamdeDave,"RT @annakiril3: Smart TV vs. Media Streamer
https://t.co/axBC7SlhsE",Thu Jun 23 10:54:01 +0000 2016,http://twitter.com/MpamdeDave/status/745932920158838785,714704685815476224,annakiril3
745928826081935360,socialgaelgg,"RT @annakiril3: Smart TV vs. Media Streamer
https://t.co/axBC7SlhsE",Thu Jun 23 10:37:45 +0000 2016,http://twitter.com/socialgaelgg/status/745928826081935360,714704685815476224,annakiril3
745926895917752321,magdagianknoui,"RT @annakiril3: Smart TV vs. Media Streamer
https://t.co/axBC7SlhsE",Thu Jun 23 10:30:05 +0000 2016,http://twitter.com/magdagianknoui/status/745926895917752321,714704685815476224,annakiril3
745923481590718465,yahalaoc,"RT @annakiril3: Smart TV vs. Media Streamer
https://t.co/axBC7SlhsE",Thu Jun 23 10:16:31 +0000 2016,http://twitter.com/yahalaoc/status/745923481590718465,714704685815476224,annakiril3
745923445754634243,forthoodaopa,"RT @annakiril3: Smart TV vs. Media Streamer
https://t.co/axBC7SlhsE",Thu Jun 23 10:16:22 +0000 2016,http://twitter.com/forthoodaopa/status/745923445754634243,714704685815476224,annakiril3
745939007821996032,merrick452,"RT @LeviAvavilevi: Free Internet TV - A Complete Guide For Canadians
https://t.co/BScNYJTxuv",Thu Jun 23 11:18:12 +0000 2016,http://twitter.com/merrick452/status/745939007821996032,714707633354227712,LeviAvavilevi
745938802678566912,p275krist,"RT @LeviAvavilevi: Free Internet TV - A Complete Guide For Canadians
https://t.co/BScNYJTxuv",Thu Jun 23 11:17:24 +0000 2016,http://twitter.com/p275krist/status/745938802678566912,714707633354227712,LeviAvavilevi
745938676492996608,torno075rsf,"RT @LeviAvavilevi: Free Internet TV - A Complete Guide For Canadians
https://t.co/BScNYJTxuv",Thu Jun 23 11:16:54 +0000 2016,http://twitter.com/torno075rsf/status/745938676492996608,714707633354227712,LeviAvavilevi
745938675956056064,respesscro,"RT @LeviAvavilevi: Free Internet TV - A Complete Guide For Canadians
https://t.co/BScNYJTxuv",Thu Jun 23 11:16:53 +0000 2016,http://twitter.com/respesscro/status/745938675956056064,714707633354227712,LeviAvavilevi
745938620238991360,rathrock8qm,"RT @LeviAvavilevi: Free Internet TV - A Complete Guide For Canadians
https://t.co/BScNYJTxuv",Thu Jun 23 11:16:40 +0000 2016,http://twitter.com/rathrock8qm/status/745938620238991360,714707633354227712,LeviAvavilevi
745938532095696896,holstekalt,"RT @LeviAvavilevi: Free Internet TV - A Complete Guide For Canadians
https://t.co/BScNYJTxuv",Thu Jun 23 11:16:19 +0000 2016,http://twitter.com/holstekalt/status/745938532095696896,714707633354227712,LeviAvavilevi
745938485752782848,pib45rime,"RT @LeviAvavilevi: Free Internet TV - A Complete Guide For Canadians
https://t.co/BScNYJTxuv",Thu Jun 23 11:16:08 +0000 2016,http://twitter.com/pib45rime/status/745938485752782848,714707633354227712,LeviAvavilevi
745938409487736832,tifanyumlandqf,"RT @LeviAvavilevi: Free Internet TV - A Complete Guide For Canadians
https://t.co/BScNYJTxuv",Thu Jun 23 11:15:50 +0000 2016,http://twitter.com/tifanyumlandqf/status/745938409487736832,714707633354227712,LeviAvavilevi
745938343964315648,fetterolf71,"RT @LeviAvavilevi: Free Internet TV - A Complete Guide For Canadians
https://t.co/BScNYJTxuv",Thu Jun 23 11:15:34 +0000 2016,http://twitter.com/fetterolf71/status/745938343964315648,714707633354227712,LeviAvavilevi
745937824185192448,oc195green,"RT @LeviAvavilevi: Free Internet TV - A Complete Guide For Canadians
https://t.co/BScNYJTxuv",Thu Jun 23 11:13:30 +0000 2016,http://twitter.com/oc195green/status/745937824185192448,714707633354227712,LeviAvavilevi
745937822390099968,77iabbrac,"RT @LeviAvavilevi: Free Internet TV - A Complete Guide For Canadians
https://t.co/BScNYJTxuv",Thu Jun 23 11:13:30 +0000 2016,http://twitter.com/77iabbrac/status/745937822390099968,714707633354227712,LeviAvavilevi
745937722573979648,figgins844,"RT @LeviAvavilevi: Free Internet TV - A Complete Guide For Canadians
https://t.co/BScNYJTxuv",Thu Jun 23 11:13:06 +0000 2016,http://twitter.com/figgins844/status/745937722573979648,714707633354227712,LeviAvavilevi
745937684477132800,ltharlingbu,"RT @LeviAvavilevi: Free Internet TV - A Complete Guide For Canadians
https://t.co/BScNYJTxuv",Thu Jun 23 11:12:57 +0000 2016,http://twitter.com/ltharlingbu/status/745937684477132800,714707633354227712,LeviAvavilevi
745937615845720064,cerra89ltsc,"RT @LeviAvavilevi: Free Internet TV - A Complete Guide For Canadians
https://t.co/BScNYJTxuv",Thu Jun 23 11:12:41 +0000 2016,http://twitter.com/cerra89ltsc/status/745937615845720064,714707633354227712,LeviAvavilevi
745937378255187968,archdaleve,"RT @LeviAvavilevi: Free Internet TV - A Complete Guide For Canadians
https://t.co/BScNYJTxuv",Thu Jun 23 11:11:44 +0000 2016,http://twitter.com/archdaleve/status/745937378255187968,714707633354227712,LeviAvavilevi
745937365512949760,orihuelaye,"RT @LeviAvavilevi: Free Internet TV - A Complete Guide For Canadians
https://t.co/BScNYJTxuv",Thu Jun 23 11:11:41 +0000 2016,http://twitter.com/orihuelaye/status/745937365512949760,714707633354227712,LeviAvavilevi
745937363545821184,pucimelhalwick,"RT @LeviAvavilevi: Free Internet TV - A Complete Guide For Canadians
https://t.co/BScNYJTxuv",Thu Jun 23 11:11:40 +0000 2016,http://twitter.com/pucimelhalwick/status/745937363545821184,714707633354227712,LeviAvavilevi
745937354288959488,4sbwoxmangathe,"RT @LeviAvavilevi: Free Internet TV - A Complete Guide For Canadians
https://t.co/BScNYJTxuv",Thu Jun 23 11:11:38 +0000 2016,http://twitter.com/4sbwoxmangathe/status/745937354288959488,714707633354227712,LeviAvavilevi
745937211170885632,engelmanntl,"RT @LeviAvavilevi: Free Internet TV - A Complete Guide For Canadians
https://t.co/BScNYJTxuv",Thu Jun 23 11:11:04 +0000 2016,http://twitter.com/engelmanntl/status/745937211170885632,714707633354227712,LeviAvavilevi
745937209199632384,n424morr,"RT @LeviAvavilevi: Free Internet TV - A Complete Guide For Canadians
https://t.co/BScNYJTxuv",Thu Jun 23 11:11:04 +0000 2016,http://twitter.com/n424morr/status/745937209199632384,714707633354227712,LeviAvavilevi
745936994027642880,mchughes98,"RT @LeviAvavilevi: Free Internet TV - A Complete Guide For Canadians
https://t.co/BScNYJTxuv",Thu Jun 23 11:10:12 +0000 2016,http://twitter.com/mchughes98/status/745936994027642880,714707633354227712,LeviAvavilevi
746354070718287872,sajibskyfall,"RT @benny_metanya: Youtube apps joins free Online TV channel in United kingdom
https://t.co/7QJ3wgYEWy",Fri Jun 24 14:47:31 +0000 2016,http://twitter.com/sajibskyfall/status/746354070718287872,714689542092169216,benny_metanya
746104150497370112,quaderjand,"RT @meggiewill5: How to Stream Web Videos &amp; Live TV to a Samsung Smart TV
https://t.co/P8gg8gFenG",Thu Jun 23 22:14:26 +0000 2016,http://twitter.com/quaderjand/status/746104150497370112,714702531482488835,meggiewill5
746102881544179712,hilmafedora14,"RT @meggiewill5: How to Stream Web Videos &amp; Live TV to a Samsung Smart TV
https://t.co/P8gg8gFenG",Thu Jun 23 22:09:23 +0000 2016,http://twitter.com/hilmafedora14/status/746102881544179712,714702531482488835,meggiewill5
746102599745667072,fqclaybornr,"RT @meggiewill5: How to Stream Web Videos &amp; Live TV to a Samsung Smart TV
https://t.co/P8gg8gFenG",Thu Jun 23 22:08:16 +0000 2016,http://twitter.com/fqclaybornr/status/746102599745667072,714702531482488835,meggiewill5
746102336662142981,walenfroncekx,"RT @meggiewill5: How to Stream Web Videos &amp; Live TV to a Samsung Smart TV
https://t.co/P8gg8gFenG",Thu Jun 23 22:07:13 +0000 2016,http://twitter.com/walenfroncekx/status/746102336662142981,714702531482488835,meggiewill5
746295384675389440,fahrner110uz,"RT @amira_buzavgo: Watch Internet TV, and Online TV for free!!
https://t.co/XGJCN5lMBj",Fri Jun 24 10:54:19 +0000 2016,http://twitter.com/fahrner110uz/status/746295384675389440,714714450801123328,amira_buzavgo
746295348331745281,konikviessma,"RT @amira_buzavgo: Watch Internet TV, and Online TV for free!!
https://t.co/XGJCN5lMBj",Fri Jun 24 10:54:11 +0000 2016,http://twitter.com/konikviessma/status/746295348331745281,714714450801123328,amira_buzavgo
746295325141377024,kun45eaadas,"RT @amira_buzavgo: Watch Internet TV, and Online TV for free!!
https://t.co/XGJCN5lMBj",Fri Jun 24 10:54:05 +0000 2016,http://twitter.com/kun45eaadas/status/746295325141377024,714714450801123328,amira_buzavgo
746295152277397504,gutenbergerrn,"RT @amira_buzavgo: Watch Internet TV, and Online TV for free!!
https://t.co/XGJCN5lMBj",Fri Jun 24 10:53:24 +0000 2016,http://twitter.com/gutenbergerrn/status/746295152277397504,714714450801123328,amira_buzavgo
746295132366979072,mni702gofto,"RT @amira_buzavgo: Watch Internet TV, and Online TV for free!!
https://t.co/XGJCN5lMBj",Fri Jun 24 10:53:19 +0000 2016,http://twitter.com/mni702gofto/status/746295132366979072,714714450801123328,amira_buzavgo
746295035361116161,yacovonemc,"RT @amira_buzavgo: Watch Internet TV, and Online TV for free!!
https://t.co/XGJCN5lMBj",Fri Jun 24 10:52:56 +0000 2016,http://twitter.com/yacovonemc/status/746295035361116161,714714450801123328,amira_buzavgo
746295026188169216,gerbitz6tmpal,"RT @amira_buzavgo: Watch Internet TV, and Online TV for free!!
https://t.co/XGJCN5lMBj",Fri Jun 24 10:52:54 +0000 2016,http://twitter.com/gerbitz6tmpal/status/746295026188169216,714714450801123328,amira_buzavgo
746295010442756096,curzjanc,"RT @amira_buzavgo: Watch Internet TV, and Online TV for free!!
https://t.co/XGJCN5lMBj",Fri Jun 24 10:52:50 +0000 2016,http://twitter.com/curzjanc/status/746295010442756096,714714450801123328,amira_buzavgo
746294879123283968,4cikepplers,"RT @amira_buzavgo: Watch Internet TV, and Online TV for free!!
https://t.co/XGJCN5lMBj",Fri Jun 24 10:52:19 +0000 2016,http://twitter.com/4cikepplers/status/746294879123283968,714714450801123328,amira_buzavgo
746294877261008896,hedspethai,"RT @amira_buzavgo: Watch Internet TV, and Online TV for free!!
https://t.co/XGJCN5lMBj",Fri Jun 24 10:52:18 +0000 2016,http://twitter.com/hedspethai/status/746294877261008896,714714450801123328,amira_buzavgo
746294829458595840,791qhfbuiebu,"RT @amira_buzavgo: Watch Internet TV, and Online TV for free!!
https://t.co/XGJCN5lMBj",Fri Jun 24 10:52:07 +0000 2016,http://twitter.com/791qhfbuiebu/status/746294829458595840,714714450801123328,amira_buzavgo
746294769605812225,grasmanso,"RT @amira_buzavgo: Watch Internet TV, and Online TV for free!!
https://t.co/XGJCN5lMBj",Fri Jun 24 10:51:53 +0000 2016,http://twitter.com/grasmanso/status/746294769605812225,714714450801123328,amira_buzavgo
746294700743790592,052balhornfent,"RT @amira_buzavgo: Watch Internet TV, and Online TV for free!!
https://t.co/XGJCN5lMBj",Fri Jun 24 10:51:36 +0000 2016,http://twitter.com/052balhornfent/status/746294700743790592,714714450801123328,amira_buzavgo
746294609953853441,41swatersond,"RT @amira_buzavgo: Watch Internet TV, and Online TV for free!!
https://t.co/XGJCN5lMBj",Fri Jun 24 10:51:15 +0000 2016,http://twitter.com/41swatersond/status/746294609953853441,714714450801123328,amira_buzavgo
746294602844495872,tl2ruivomierez,"RT @amira_buzavgo: Watch Internet TV, and Online TV for free!!
https://t.co/XGJCN5lMBj",Fri Jun 24 10:51:13 +0000 2016,http://twitter.com/tl2ruivomierez/status/746294602844495872,714714450801123328,amira_buzavgo
746294507608604672,063tmmsch,"RT @amira_buzavgo: Watch Internet TV, and Online TV for free!!
https://t.co/XGJCN5lMBj",Fri Jun 24 10:50:50 +0000 2016,http://twitter.com/063tmmsch/status/746294507608604672,714714450801123328,amira_buzavgo
746294459353141248,brierebriss,"RT @amira_buzavgo: Watch Internet TV, and Online TV for free!!
https://t.co/XGJCN5lMBj",Fri Jun 24 10:50:39 +0000 2016,http://twitter.com/brierebriss/status/746294459353141248,714714450801123328,amira_buzavgo
746294401589198848,mckamey435,"RT @amira_buzavgo: Watch Internet TV, and Online TV for free!!
https://t.co/XGJCN5lMBj",Fri Jun 24 10:50:25 +0000 2016,http://twitter.com/mckamey435/status/746294401589198848,714714450801123328,amira_buzavgo
746294368026431488,pelotgaiserduy,"RT @amira_buzavgo: Watch Internet TV, and Online TV for free!!
https://t.co/XGJCN5lMBj",Fri Jun 24 10:50:17 +0000 2016,http://twitter.com/pelotgaiserduy/status/746294368026431488,714714450801123328,amira_buzavgo
746294358438215680,21hlkarr,"RT @amira_buzavgo: Watch Internet TV, and Online TV for free!!
https://t.co/XGJCN5lMBj",Fri Jun 24 10:50:15 +0000 2016,http://twitter.com/21hlkarr/status/746294358438215680,714714450801123328,amira_buzavgo
746294339681259520,xa0culber,"RT @amira_buzavgo: Watch Internet TV, and Online TV for free!!
https://t.co/XGJCN5lMBj",Fri Jun 24 10:50:10 +0000 2016,http://twitter.com/xa0culber/status/746294339681259520,714714450801123328,amira_buzavgo
746294289798414336,dziadek98,"RT @amira_buzavgo: Watch Internet TV, and Online TV for free!!
https://t.co/XGJCN5lMBj",Fri Jun 24 10:49:58 +0000 2016,http://twitter.com/dziadek98/status/746294289798414336,714714450801123328,amira_buzavgo
746294203911634944,490jjsst,"RT @amira_buzavgo: Watch Internet TV, and Online TV for free!!
https://t.co/XGJCN5lMBj",Fri Jun 24 10:49:38 +0000 2016,http://twitter.com/490jjsst/status/746294203911634944,714714450801123328,amira_buzavgo
746294187226701824,3goldfarblo,"RT @amira_buzavgo: Watch Internet TV, and Online TV for free!!
https://t.co/XGJCN5lMBj",Fri Jun 24 10:49:34 +0000 2016,http://twitter.com/3goldfarblo/status/746294187226701824,714714450801123328,amira_buzavgo
746294168520130560,forgachsta,"RT @amira_buzavgo: Watch Internet TV, and Online TV for free!!
https://t.co/XGJCN5lMBj",Fri Jun 24 10:49:29 +0000 2016,http://twitter.com/forgachsta/status/746294168520130560,714714450801123328,amira_buzavgo
746294087293210628,bvh676ga,"RT @amira_buzavgo: Watch Internet TV, and Online TV for free!!
https://t.co/XGJCN5lMBj",Fri Jun 24 10:49:10 +0000 2016,http://twitter.com/bvh676ga/status/746294087293210628,714714450801123328,amira_buzavgo
746293855121735680,5kzappiamak,"RT @amira_buzavgo: Watch Internet TV, and Online TV for free!!
https://t.co/XGJCN5lMBj",Fri Jun 24 10:48:15 +0000 2016,http://twitter.com/5kzappiamak/status/746293855121735680,714714450801123328,amira_buzavgo
746293788168044544,mierzwinskiml,"RT @amira_buzavgo: Watch Internet TV, and Online TV for free!!
https://t.co/XGJCN5lMBj",Fri Jun 24 10:47:59 +0000 2016,http://twitter.com/mierzwinskiml/status/746293788168044544,714714450801123328,amira_buzavgo
746293786263883778,casad2qlis,"RT @amira_buzavgo: Watch Internet TV, and Online TV for free!!
https://t.co/XGJCN5lMBj",Fri Jun 24 10:47:58 +0000 2016,http://twitter.com/casad2qlis/status/746293786263883778,714714450801123328,amira_buzavgo
746293778496000000,farrautolin,"RT @amira_buzavgo: Watch Internet TV, and Online TV for free!!
https://t.co/XGJCN5lMBj",Fri Jun 24 10:47:56 +0000 2016,http://twitter.com/farrautolin/status/746293778496000000,714714450801123328,amira_buzavgo
746293164307263488,sohns3teppe,"RT @amira_buzavgo: Watch Internet TV, and Online TV for free!!
https://t.co/XGJCN5lMBj",Fri Jun 24 10:45:30 +0000 2016,http://twitter.com/sohns3teppe/status/746293164307263488,714714450801123328,amira_buzavgo
746292957519683584,c177birklids,"RT @amira_buzavgo: Watch Internet TV, and Online TV for free!!
https://t.co/XGJCN5lMBj",Fri Jun 24 10:44:41 +0000 2016,http://twitter.com/c177birklids/status/746292957519683584,714714450801123328,amira_buzavgo
746292568577683456,miska8bros,"RT @amira_buzavgo: Watch Internet TV, and Online TV for free!!
https://t.co/XGJCN5lMBj",Fri Jun 24 10:43:08 +0000 2016,http://twitter.com/miska8bros/status/746292568577683456,714714450801123328,amira_buzavgo
746292541553770496,weakland07,"RT @amira_buzavgo: Watch Internet TV, and Online TV for free!!
https://t.co/XGJCN5lMBj",Fri Jun 24 10:43:02 +0000 2016,http://twitter.com/weakland07/status/746292541553770496,714714450801123328,amira_buzavgo
746292412574662656,grinkleywin,"RT @amira_buzavgo: Watch Internet TV, and Online TV for free!!
https://t.co/XGJCN5lMBj",Fri Jun 24 10:42:31 +0000 2016,http://twitter.com/grinkleywin/status/746292412574662656,714714450801123328,amira_buzavgo
746292370463985664,reimold152talo,"RT @amira_buzavgo: Watch Internet TV, and Online TV for free!!
https://t.co/XGJCN5lMBj",Fri Jun 24 10:42:21 +0000 2016,http://twitter.com/reimold152talo/status/746292370463985664,714714450801123328,amira_buzavgo
746292341779103744,0dgellatl,"RT @amira_buzavgo: Watch Internet TV, and Online TV for free!!
https://t.co/XGJCN5lMBj",Fri Jun 24 10:42:14 +0000 2016,http://twitter.com/0dgellatl/status/746292341779103744,714714450801123328,amira_buzavgo
746292325492621312,amaillachier7f,"RT @amira_buzavgo: Watch Internet TV, and Online TV for free!!
https://t.co/XGJCN5lMBj",Fri Jun 24 10:42:10 +0000 2016,http://twitter.com/amaillachier7f/status/746292325492621312,714714450801123328,amira_buzavgo
746292282899435520,heckmanbankh,"RT @amira_buzavgo: Watch Internet TV, and Online TV for free!!
https://t.co/XGJCN5lMBj",Fri Jun 24 10:42:00 +0000 2016,http://twitter.com/heckmanbankh/status/746292282899435520,714714450801123328,amira_buzavgo
746292155380043776,galvesislaw530,"RT @amira_buzavgo: Watch Internet TV, and Online TV for free!!
https://t.co/XGJCN5lMBj",Fri Jun 24 10:41:29 +0000 2016,http://twitter.com/galvesislaw530/status/746292155380043776,714714450801123328,amira_buzavgo
746292145938636800,lucius34so,"RT @amira_buzavgo: Watch Internet TV, and Online TV for free!!
https://t.co/XGJCN5lMBj",Fri Jun 24 10:41:27 +0000 2016,http://twitter.com/lucius34so/status/746292145938636800,714714450801123328,amira_buzavgo
746292108122800128,bamforthma,"RT @amira_buzavgo: Watch Internet TV, and Online TV for free!!
https://t.co/XGJCN5lMBj",Fri Jun 24 10:41:18 +0000 2016,http://twitter.com/bamforthma/status/746292108122800128,714714450801123328,amira_buzavgo
746292044511977473,pkc461va,"RT @amira_buzavgo: Watch Internet TV, and Online TV for free!!
https://t.co/XGJCN5lMBj",Fri Jun 24 10:41:03 +0000 2016,http://twitter.com/pkc461va/status/746292044511977473,714714450801123328,amira_buzavgo
746292021632110592,tung47zrwfahy,"RT @amira_buzavgo: Watch Internet TV, and Online TV for free!!
https://t.co/XGJCN5lMBj",Fri Jun 24 10:40:58 +0000 2016,http://twitter.com/tung47zrwfahy/status/746292021632110592,714714450801123328,amira_buzavgo
746292012496916480,willarsqmto,"RT @amira_buzavgo: Watch Internet TV, and Online TV for free!!
https://t.co/XGJCN5lMBj",Fri Jun 24 10:40:55 +0000 2016,http://twitter.com/willarsqmto/status/746292012496916480,714714450801123328,amira_buzavgo
746292005895049216,watah888jcanna,"RT @amira_buzavgo: Watch Internet TV, and Online TV for free!!
https://t.co/XGJCN5lMBj",Fri Jun 24 10:40:54 +0000 2016,http://twitter.com/watah888jcanna/status/746292005895049216,714714450801123328,amira_buzavgo
746292002770268160,ec758cair,"RT @amira_buzavgo: Watch Internet TV, and Online TV for free!!
https://t.co/XGJCN5lMBj",Fri Jun 24 10:40:53 +0000 2016,http://twitter.com/ec758cair/status/746292002770268160,714714450801123328,amira_buzavgo
746291994515865600,126hbazza,"RT @amira_buzavgo: Watch Internet TV, and Online TV for free!!
https://t.co/XGJCN5lMBj",Fri Jun 24 10:40:51 +0000 2016,http://twitter.com/126hbazza/status/746291994515865600,714714450801123328,amira_buzavgo
746291945371213824,graineybp,"RT @amira_buzavgo: Watch Internet TV, and Online TV for free!!
https://t.co/XGJCN5lMBj",Fri Jun 24 10:40:39 +0000 2016,http://twitter.com/graineybp/status/746291945371213824,714714450801123328,amira_buzavgo
746291906104135680,fosdick9ozcd,"RT @amira_buzavgo: Watch Internet TV, and Online TV for free!!
https://t.co/XGJCN5lMBj",Fri Jun 24 10:40:30 +0000 2016,http://twitter.com/fosdick9ozcd/status/746291906104135680,714714450801123328,amira_buzavgo
746291833534296064,azucenaclatt,"RT @amira_buzavgo: Watch Internet TV, and Online TV for free!!
https://t.co/XGJCN5lMBj",Fri Jun 24 10:40:13 +0000 2016,http://twitter.com/azucenaclatt/status/746291833534296064,714714450801123328,amira_buzavgo
746291669109215232,naftzingerbq,"RT @amira_buzavgo: Watch Internet TV, and Online TV for free!!
https://t.co/XGJCN5lMBj",Fri Jun 24 10:39:34 +0000 2016,http://twitter.com/naftzingerbq/status/746291669109215232,714714450801123328,amira_buzavgo
746291628617392128,406jcbachfelic,"RT @amira_buzavgo: Watch Internet TV, and Online TV for free!!
https://t.co/XGJCN5lMBj",Fri Jun 24 10:39:24 +0000 2016,http://twitter.com/406jcbachfelic/status/746291628617392128,714714450801123328,amira_buzavgo
746291349981376512,tullis_sharilyn,"RT @amira_buzavgo: Watch Internet TV, and Online TV for free!!
https://t.co/XGJCN5lMBj",Fri Jun 24 10:38:17 +0000 2016,http://twitter.com/tullis_sharilyn/status/746291349981376512,714714450801123328,amira_buzavgo
746291263775907840,fnn826tobigo,"RT @amira_buzavgo: Watch Internet TV, and Online TV for free!!
https://t.co/XGJCN5lMBj",Fri Jun 24 10:37:57 +0000 2016,http://twitter.com/fnn826tobigo/status/746291263775907840,714714450801123328,amira_buzavgo
746291260202299392,sandlermtk,"RT @amira_buzavgo: Watch Internet TV, and Online TV for free!!
https://t.co/XGJCN5lMBj",Fri Jun 24 10:37:56 +0000 2016,http://twitter.com/sandlermtk/status/746291260202299392,714714450801123328,amira_buzavgo
746291087904485376,o0toczeknenn,"RT @amira_buzavgo: Watch Internet TV, and Online TV for free!!
https://t.co/XGJCN5lMBj",Fri Jun 24 10:37:15 +0000 2016,http://twitter.com/o0toczeknenn/status/746291087904485376,714714450801123328,amira_buzavgo
746291085408931840,hudgel_renay,"RT @amira_buzavgo: Watch Internet TV, and Online TV for free!!
https://t.co/XGJCN5lMBj",Fri Jun 24 10:37:14 +0000 2016,http://twitter.com/hudgel_renay/status/746291085408931840,714714450801123328,amira_buzavgo
746353945946251264,marckmarck3322,"RT @benny_metanya: Youtube apps joins free Online TV channel in United kingdom
https://t.co/7QJ3wgYEWy",Fri Jun 24 14:47:01 +0000 2016,http://twitter.com/marckmarck3322/status/746353945946251264,714689542092169216,benny_metanya
748968563638145025,costenive78,"RT @TAringthon: Smart TV - all what we need to know! 
https://t.co/AafefFo8ol",Fri Jul 01 19:56:35 +0000 2016,http://twitter.com/costenive78/status/748968563638145025,714699220352155648,TAringthon
748968404141367296,qbguytonl,"RT @TAringthon: Smart TV - all what we need to know! 
https://t.co/AafefFo8ol",Fri Jul 01 19:55:57 +0000 2016,http://twitter.com/qbguytonl/status/748968404141367296,714699220352155648,TAringthon
748968078055239680,bakemcguffbra6,"RT @TAringthon: Smart TV - all what we need to know! 
https://t.co/AafefFo8ol",Fri Jul 01 19:54:39 +0000 2016,http://twitter.com/bakemcguffbra6/status/748968078055239680,714699220352155648,TAringthon
748967660441010176,2qiliskovecmem,"RT @TAringthon: Smart TV - all what we need to know! 
https://t.co/AafefFo8ol",Fri Jul 01 19:53:00 +0000 2016,http://twitter.com/2qiliskovecmem/status/748967660441010176,714699220352155648,TAringthon
748967209737805824,tidringtoal,"RT @TAringthon: Smart TV - all what we need to know! 
https://t.co/AafefFo8ol",Fri Jul 01 19:51:12 +0000 2016,http://twitter.com/tidringtoal/status/748967209737805824,714699220352155648,TAringthon
748967175625506816,t94dobrowo,"RT @TAringthon: Smart TV - all what we need to know! 
https://t.co/AafefFo8ol",Fri Jul 01 19:51:04 +0000 2016,http://twitter.com/t94dobrowo/status/748967175625506816,714699220352155648,TAringthon
748966911837343748,o22fedorkehler,"RT @TAringthon: Smart TV - all what we need to know! 
https://t.co/AafefFo8ol",Fri Jul 01 19:50:01 +0000 2016,http://twitter.com/o22fedorkehler/status/748966911837343748,714699220352155648,TAringthon
748966502825615360,ubbrouille,"RT @TAringthon: Smart TV - all what we need to know! 
https://t.co/AafefFo8ol",Fri Jul 01 19:48:24 +0000 2016,http://twitter.com/ubbrouille/status/748966502825615360,714699220352155648,TAringthon
748966053296893952,sandersomcs,"RT @TAringthon: Smart TV - all what we need to know! 
https://t.co/AafefFo8ol",Fri Jul 01 19:46:36 +0000 2016,http://twitter.com/sandersomcs/status/748966053296893952,714699220352155648,TAringthon
748966008157708289,716hgfsa,"RT @TAringthon: Smart TV - all what we need to know! 
https://t.co/AafefFo8ol",Fri Jul 01 19:46:26 +0000 2016,http://twitter.com/716hgfsa/status/748966008157708289,714699220352155648,TAringthon
748965573753700353,stickleytq,"RT @TAringthon: Smart TV - all what we need to know! 
https://t.co/AafefFo8ol",Fri Jul 01 19:44:42 +0000 2016,http://twitter.com/stickleytq/status/748965573753700353,714699220352155648,TAringthon
748964823837343744,beddiaowen966,"RT @TAringthon: Smart TV - all what we need to know! 
https://t.co/AafefFo8ol",Fri Jul 01 19:41:43 +0000 2016,http://twitter.com/beddiaowen966/status/748964823837343744,714699220352155648,TAringthon
748964636792328193,fjmervynde,"RT @TAringthon: Smart TV - all what we need to know! 
https://t.co/AafefFo8ol",Fri Jul 01 19:40:59 +0000 2016,http://twitter.com/fjmervynde/status/748964636792328193,714699220352155648,TAringthon
748964437583880196,akmiotekgeraci,"RT @TAringthon: Smart TV - all what we need to know! 
https://t.co/AafefFo8ol",Fri Jul 01 19:40:11 +0000 2016,http://twitter.com/akmiotekgeraci/status/748964437583880196,714699220352155648,TAringthon
748964425793765376,548idzie,"RT @TAringthon: Smart TV - all what we need to know! 
https://t.co/AafefFo8ol",Fri Jul 01 19:40:08 +0000 2016,http://twitter.com/548idzie/status/748964425793765376,714699220352155648,TAringthon
748964379895459840,Gebo1015,"RT @TAringthon: Smart TV - all what we need to know! 
https://t.co/AafefFo8ol",Fri Jul 01 19:39:57 +0000 2016,http://twitter.com/Gebo1015/status/748964379895459840,714699220352155648,TAringthon
748964245140832256,petermeier39,"RT @TAringthon: Smart TV - all what we need to know! 
https://t.co/AafefFo8ol",Fri Jul 01 19:39:25 +0000 2016,http://twitter.com/petermeier39/status/748964245140832256,714699220352155648,TAringthon
748964090593304576,sistekwa,"RT @TAringthon: Smart TV - all what we need to know! 
https://t.co/AafefFo8ol",Fri Jul 01 19:38:48 +0000 2016,http://twitter.com/sistekwa/status/748964090593304576,714699220352155648,TAringthon
748963928957448194,digiacinbb,"RT @TAringthon: Smart TV - all what we need to know! 
https://t.co/AafefFo8ol",Fri Jul 01 19:38:10 +0000 2016,http://twitter.com/digiacinbb/status/748963928957448194,714699220352155648,TAringthon
748963819104395268,1mdalcegarrett,"RT @TAringthon: Smart TV - all what we need to know! 
https://t.co/AafefFo8ol",Fri Jul 01 19:37:44 +0000 2016,http://twitter.com/1mdalcegarrett/status/748963819104395268,714699220352155648,TAringthon
748963357827497984,chery348,"RT @TAringthon: Smart TV - all what we need to know! 
https://t.co/AafefFo8ol",Fri Jul 01 19:35:54 +0000 2016,http://twitter.com/chery348/status/748963357827497984,714699220352155648,TAringthon
748963309559410690,theresiasre,"RT @TAringthon: Smart TV - all what we need to know! 
https://t.co/AafefFo8ol",Fri Jul 01 19:35:42 +0000 2016,http://twitter.com/theresiasre/status/748963309559410690,714699220352155648,TAringthon
748963251489308672,hsiehhorstzpk2,"RT @TAringthon: Smart TV - all what we need to know! 
https://t.co/AafefFo8ol",Fri Jul 01 19:35:28 +0000 2016,http://twitter.com/hsiehhorstzpk2/status/748963251489308672,714699220352155648,TAringthon
748963155116687360,lanese015,"RT @TAringthon: Smart TV - all what we need to know! 
https://t.co/AafefFo8ol",Fri Jul 01 19:35:05 +0000 2016,http://twitter.com/lanese015/status/748963155116687360,714699220352155648,TAringthon
748962590173388800,61ymapeltse,"RT @TAringthon: Smart TV - all what we need to know! 
https://t.co/AafefFo8ol",Fri Jul 01 19:32:51 +0000 2016,http://twitter.com/61ymapeltse/status/748962590173388800,714699220352155648,TAringthon
748961884552986624,derusokru,"RT @TAringthon: Smart TV - all what we need to know! 
https://t.co/AafefFo8ol",Fri Jul 01 19:30:02 +0000 2016,http://twitter.com/derusokru/status/748961884552986624,714699220352155648,TAringthon
748961794958430208,woroszockime,"RT @TAringthon: Smart TV - all what we need to know! 
https://t.co/AafefFo8ol",Fri Jul 01 19:29:41 +0000 2016,http://twitter.com/woroszockime/status/748961794958430208,714699220352155648,TAringthon
748961661688619008,isahikessomera,"RT @TAringthon: Smart TV - all what we need to know! 
https://t.co/AafefFo8ol",Fri Jul 01 19:29:09 +0000 2016,http://twitter.com/isahikessomera/status/748961661688619008,714699220352155648,TAringthon
748961408050728960,067grothesc,"RT @TAringthon: Smart TV - all what we need to know! 
https://t.co/AafefFo8ol",Fri Jul 01 19:28:09 +0000 2016,http://twitter.com/067grothesc/status/748961408050728960,714699220352155648,TAringthon
748961285690298368,splattscherm,"RT @TAringthon: Smart TV - all what we need to know! 
https://t.co/AafefFo8ol",Fri Jul 01 19:27:40 +0000 2016,http://twitter.com/splattscherm/status/748961285690298368,714699220352155648,TAringthon
748960902225985536,hobbinsml,"RT @TAringthon: Smart TV - all what we need to know! 
https://t.co/AafefFo8ol",Fri Jul 01 19:26:08 +0000 2016,http://twitter.com/hobbinsml/status/748960902225985536,714699220352155648,TAringthon
745946818412937216,CraigaSey,"RT @annakiril3: Smart TV vs. Media Streamer
https://t.co/axBC7SlhsE",Thu Jun 23 11:49:15 +0000 2016,http://twitter.com/CraigaSey/status/745946818412937216,714704685815476224,annakiril3
745945797032714244,d_wetters,"RT @annakiril3: Smart TV vs. Media Streamer
https://t.co/axBC7SlhsE",Thu Jun 23 11:45:11 +0000 2016,http://twitter.com/d_wetters/status/745945797032714244,714704685815476224,annakiril3
745942789184184320,PRSyvrei,"RT @annakiril3: Smart TV vs. Media Streamer
https://t.co/axBC7SlhsE",Thu Jun 23 11:33:14 +0000 2016,http://twitter.com/PRSyvrei/status/745942789184184320,714704685815476224,annakiril3
745942724222812161,pandall_D_Ptoho,"RT @annakiril3: Smart TV vs. Media Streamer
https://t.co/axBC7SlhsE",Thu Jun 23 11:32:59 +0000 2016,http://twitter.com/pandall_D_Ptoho/status/745942724222812161,714704685815476224,annakiril3
745942117101469696,UNICOgurpo,"RT @annakiril3: Smart TV vs. Media Streamer
https://t.co/axBC7SlhsE",Thu Jun 23 11:30:34 +0000 2016,http://twitter.com/UNICOgurpo/status/745942117101469696,714704685815476224,annakiril3
745941631594016768,hovemoneybiz,"RT @annakiril3: Smart TV vs. Media Streamer
https://t.co/axBC7SlhsE",Thu Jun 23 11:28:38 +0000 2016,http://twitter.com/hovemoneybiz/status/745941631594016768,714704685815476224,annakiril3
745940407721177089,eLigh_Ann_Smith,"RT @annakiril3: Smart TV vs. Media Streamer
https://t.co/axBC7SlhsE",Thu Jun 23 11:23:46 +0000 2016,http://twitter.com/eLigh_Ann_Smith/status/745940407721177089,714704685815476224,annakiril3
745938465066360832,geeklcla,"RT @annakiril3: Smart TV vs. Media Streamer
https://t.co/axBC7SlhsE",Thu Jun 23 11:16:03 +0000 2016,http://twitter.com/geeklcla/status/745938465066360832,714704685815476224,annakiril3
745984222586863618,i5pressma,"RT @LeviAvavilevi: Free Internet TV - A Complete Guide For Canadians
https://t.co/BScNYJTxuv",Thu Jun 23 14:17:53 +0000 2016,http://twitter.com/i5pressma/status/745984222586863618,714707633354227712,LeviAvavilevi
745984204555550720,schammel08,"RT @LeviAvavilevi: Free Internet TV - A Complete Guide For Canadians
https://t.co/BScNYJTxuv",Thu Jun 23 14:17:48 +0000 2016,http://twitter.com/schammel08/status/745984204555550720,714707633354227712,LeviAvavilevi
745984035793551361,cms67gian,"RT @LeviAvavilevi: Free Internet TV - A Complete Guide For Canadians
https://t.co/BScNYJTxuv",Thu Jun 23 14:17:08 +0000 2016,http://twitter.com/cms67gian/status/745984035793551361,714707633354227712,LeviAvavilevi
745983972438642688,beylottevill,"RT @LeviAvavilevi: Free Internet TV - A Complete Guide For Canadians
https://t.co/BScNYJTxuv",Thu Jun 23 14:16:53 +0000 2016,http://twitter.com/beylottevill/status/745983972438642688,714707633354227712,LeviAvavilevi
745983693307711488,brallier54z,"RT @LeviAvavilevi: Free Internet TV - A Complete Guide For Canadians
https://t.co/BScNYJTxuv",Thu Jun 23 14:15:46 +0000 2016,http://twitter.com/brallier54z/status/745983693307711488,714707633354227712,LeviAvavilevi
745983582590603264,kalthoff1v,"RT @LeviAvavilevi: Free Internet TV - A Complete Guide For Canadians
https://t.co/BScNYJTxuv",Thu Jun 23 14:15:20 +0000 2016,http://twitter.com/kalthoff1v/status/745983582590603264,714707633354227712,LeviAvavilevi
745983563825356800,tbu8cerniell,"RT @LeviAvavilevi: Free Internet TV - A Complete Guide For Canadians
https://t.co/BScNYJTxuv",Thu Jun 23 14:15:15 +0000 2016,http://twitter.com/tbu8cerniell/status/745983563825356800,714707633354227712,LeviAvavilevi
745983186929332224,waterburj,"RT @LeviAvavilevi: Free Internet TV - A Complete Guide For Canadians
https://t.co/BScNYJTxuv",Thu Jun 23 14:13:46 +0000 2016,http://twitter.com/waterburj/status/745983186929332224,714707633354227712,LeviAvavilevi
745983040342589440,corkumhey,"RT @LeviAvavilevi: Free Internet TV - A Complete Guide For Canadians
https://t.co/BScNYJTxuv",Thu Jun 23 14:13:11 +0000 2016,http://twitter.com/corkumhey/status/745983040342589440,714707633354227712,LeviAvavilevi
745982883366580224,georgeliq,"RT @LeviAvavilevi: Free Internet TV - A Complete Guide For Canadians
https://t.co/BScNYJTxuv",Thu Jun 23 14:12:33 +0000 2016,http://twitter.com/georgeliq/status/745982883366580224,714707633354227712,LeviAvavilevi
745982853628956672,mcgirrpezz,"RT @LeviAvavilevi: Free Internet TV - A Complete Guide For Canadians
https://t.co/BScNYJTxuv",Thu Jun 23 14:12:26 +0000 2016,http://twitter.com/mcgirrpezz/status/745982853628956672,714707633354227712,LeviAvavilevi
745982818321334272,rangnowlayton3,"RT @LeviAvavilevi: Free Internet TV - A Complete Guide For Canadians
https://t.co/BScNYJTxuv",Thu Jun 23 14:12:18 +0000 2016,http://twitter.com/rangnowlayton3/status/745982818321334272,714707633354227712,LeviAvavilevi
745982786763427840,christophnl,"RT @LeviAvavilevi: Free Internet TV - A Complete Guide For Canadians
https://t.co/BScNYJTxuv",Thu Jun 23 14:12:10 +0000 2016,http://twitter.com/christophnl/status/745982786763427840,714707633354227712,LeviAvavilevi
745982694157357056,kishel2j,"RT @LeviAvavilevi: Free Internet TV - A Complete Guide For Canadians
https://t.co/BScNYJTxuv",Thu Jun 23 14:11:48 +0000 2016,http://twitter.com/kishel2j/status/745982694157357056,714707633354227712,LeviAvavilevi
745983293561135104,9elflatoshaa,"RT @amira_buzavgo: Watch Internet TV, and Online TV for free!!
https://t.co/XGJCN5lMBj",Thu Jun 23 14:14:11 +0000 2016,http://twitter.com/9elflatoshaa/status/745983293561135104,714714450801123328,amira_buzavgo
745982391823515648,12nhngularte,"RT @LeviAvavilevi: Free Internet TV - A Complete Guide For Canadians
https://t.co/BScNYJTxuv",Thu Jun 23 14:10:36 +0000 2016,http://twitter.com/12nhngularte/status/745982391823515648,714707633354227712,LeviAvavilevi
745982331039719424,pqheckmannbahe,"RT @LeviAvavilevi: Free Internet TV - A Complete Guide For Canadians
https://t.co/BScNYJTxuv",Thu Jun 23 14:10:22 +0000 2016,http://twitter.com/pqheckmannbahe/status/745982331039719424,714707633354227712,LeviAvavilevi
745982292041019394,4xcramslunaker,"RT @LeviAvavilevi: Free Internet TV - A Complete Guide For Canadians
https://t.co/BScNYJTxuv",Thu Jun 23 14:10:12 +0000 2016,http://twitter.com/4xcramslunaker/status/745982292041019394,714707633354227712,LeviAvavilevi
745982269609869312,tukuafa0comd,"RT @LeviAvavilevi: Free Internet TV - A Complete Guide For Canadians
https://t.co/BScNYJTxuv",Thu Jun 23 14:10:07 +0000 2016,http://twitter.com/tukuafa0comd/status/745982269609869312,714707633354227712,LeviAvavilevi
745983070218629120,26gdadalinevid,"RT @amira_buzavgo: Watch Internet TV, and Online TV for free!!
https://t.co/XGJCN5lMBj",Thu Jun 23 14:13:18 +0000 2016,http://twitter.com/26gdadalinevid/status/745983070218629120,714714450801123328,amira_buzavgo
745982089783283712,vpblaichcuez,"RT @LeviAvavilevi: Free Internet TV - A Complete Guide For Canadians
https://t.co/BScNYJTxuv",Thu Jun 23 14:09:24 +0000 2016,http://twitter.com/vpblaichcuez/status/745982089783283712,714707633354227712,LeviAvavilevi
745982334751608833,770zemonmedero,"RT @amira_buzavgo: Watch Internet TV, and Online TV for free!!
https://t.co/XGJCN5lMBj",Thu Jun 23 14:10:22 +0000 2016,http://twitter.com/770zemonmedero/status/745982334751608833,714714450801123328,amira_buzavgo
745982158926397441,olivia0849,"RT @amira_buzavgo: Watch Internet TV, and Online TV for free!!
https://t.co/XGJCN5lMBj",Thu Jun 23 14:09:41 +0000 2016,http://twitter.com/olivia0849/status/745982158926397441,714714450801123328,amira_buzavgo
745981905288503297,fzulaufmcnicol,"RT @LeviAvavilevi: Free Internet TV - A Complete Guide For Canadians
https://t.co/BScNYJTxuv",Thu Jun 23 14:08:40 +0000 2016,http://twitter.com/fzulaufmcnicol/status/745981905288503297,714707633354227712,LeviAvavilevi
745981478740307968,02mhosey,"RT @LeviAvavilevi: Free Internet TV - A Complete Guide For Canadians
https://t.co/BScNYJTxuv",Thu Jun 23 14:06:58 +0000 2016,http://twitter.com/02mhosey/status/745981478740307968,714707633354227712,LeviAvavilevi
745981270606364672,venema13dr,"RT @LeviAvavilevi: Free Internet TV - A Complete Guide For Canadians
https://t.co/BScNYJTxuv",Thu Jun 23 14:06:09 +0000 2016,http://twitter.com/venema13dr/status/745981270606364672,714707633354227712,LeviAvavilevi
745981197621268481,olvedahoglu,"RT @LeviAvavilevi: Free Internet TV - A Complete Guide For Canadians
https://t.co/BScNYJTxuv",Thu Jun 23 14:05:51 +0000 2016,http://twitter.com/olvedahoglu/status/745981197621268481,714707633354227712,LeviAvavilevi
745982458928173056,YohanLavone,"RT @amira_buzavgo: Watch Internet TV, and Online TV for free!!
https://t.co/XGJCN5lMBj",Thu Jun 23 14:10:52 +0000 2016,http://twitter.com/YohanLavone/status/745982458928173056,714714450801123328,amira_buzavgo
745980544228429824,canizales09,"RT @LeviAvavilevi: Free Internet TV - A Complete Guide For Canadians
https://t.co/BScNYJTxuv",Thu Jun 23 14:03:16 +0000 2016,http://twitter.com/canizales09/status/745980544228429824,714707633354227712,LeviAvavilevi
745980465799176193,zelazoolivenbe,"RT @LeviAvavilevi: Free Internet TV - A Complete Guide For Canadians
https://t.co/BScNYJTxuv",Thu Jun 23 14:02:57 +0000 2016,http://twitter.com/zelazoolivenbe/status/745980465799176193,714707633354227712,LeviAvavilevi
745980389659910145,baizailumas,"RT @LeviAvavilevi: Free Internet TV - A Complete Guide For Canadians
https://t.co/BScNYJTxuv",Thu Jun 23 14:02:39 +0000 2016,http://twitter.com/baizailumas/status/745980389659910145,714707633354227712,LeviAvavilevi
745980188232658944,hanschgornpin8,"RT @LeviAvavilevi: Free Internet TV - A Complete Guide For Canadians
https://t.co/BScNYJTxuv",Thu Jun 23 14:01:51 +0000 2016,http://twitter.com/hanschgornpin8/status/745980188232658944,714707633354227712,LeviAvavilevi
745979619942219776,konowal426sw,"RT @LeviAvavilevi: Free Internet TV - A Complete Guide For Canadians
https://t.co/BScNYJTxuv",Thu Jun 23 13:59:35 +0000 2016,http://twitter.com/konowal426sw/status/745979619942219776,714707633354227712,LeviAvavilevi
745979572768935936,10mfanoeles,"RT @LeviAvavilevi: Free Internet TV - A Complete Guide For Canadians
https://t.co/BScNYJTxuv",Thu Jun 23 13:59:24 +0000 2016,http://twitter.com/10mfanoeles/status/745979572768935936,714707633354227712,LeviAvavilevi
745979538203615232,sv147alv,"RT @LeviAvavilevi: Free Internet TV - A Complete Guide For Canadians
https://t.co/BScNYJTxuv",Thu Jun 23 13:59:16 +0000 2016,http://twitter.com/sv147alv/status/745979538203615232,714707633354227712,LeviAvavilevi
745979523812954112,roskelleylqj,"RT @LeviAvavilevi: Free Internet TV - A Complete Guide For Canadians
https://t.co/BScNYJTxuv",Thu Jun 23 13:59:12 +0000 2016,http://twitter.com/roskelleylqj/status/745979523812954112,714707633354227712,LeviAvavilevi
745979429084667904,cierleylar,"RT @LeviAvavilevi: Free Internet TV - A Complete Guide For Canadians
https://t.co/BScNYJTxuv",Thu Jun 23 13:58:50 +0000 2016,http://twitter.com/cierleylar/status/745979429084667904,714707633354227712,LeviAvavilevi
745979244853997569,riley22smyra,"RT @LeviAvavilevi: Free Internet TV - A Complete Guide For Canadians
https://t.co/BScNYJTxuv",Thu Jun 23 13:58:06 +0000 2016,http://twitter.com/riley22smyra/status/745979244853997569,714707633354227712,LeviAvavilevi
745979190948864000,oibtuittsegoui,"RT @LeviAvavilevi: Free Internet TV - A Complete Guide For Canadians
https://t.co/BScNYJTxuv",Thu Jun 23 13:57:53 +0000 2016,http://twitter.com/oibtuittsegoui/status/745979190948864000,714707633354227712,LeviAvavilevi
745979099806564353,oke162desak,"RT @LeviAvavilevi: Free Internet TV - A Complete Guide For Canadians
https://t.co/BScNYJTxuv",Thu Jun 23 13:57:31 +0000 2016,http://twitter.com/oke162desak/status/745979099806564353,714707633354227712,LeviAvavilevi
745979063089643520,harvilicce,"RT @LeviAvavilevi: Free Internet TV - A Complete Guide For Canadians
https://t.co/BScNYJTxuv",Thu Jun 23 13:57:22 +0000 2016,http://twitter.com/harvilicce/status/745979063089643520,714707633354227712,LeviAvavilevi
745979026905403393,f2forkumwable,"RT @LeviAvavilevi: Free Internet TV - A Complete Guide For Canadians
https://t.co/BScNYJTxuv",Thu Jun 23 13:57:14 +0000 2016,http://twitter.com/f2forkumwable/status/745979026905403393,714707633354227712,LeviAvavilevi
745978996446363648,shaefertak,"RT @LeviAvavilevi: Free Internet TV - A Complete Guide For Canadians
https://t.co/BScNYJTxuv",Thu Jun 23 13:57:07 +0000 2016,http://twitter.com/shaefertak/status/745978996446363648,714707633354227712,LeviAvavilevi
745978945091280897,hooks29eogrigg,"RT @LeviAvavilevi: Free Internet TV - A Complete Guide For Canadians
https://t.co/BScNYJTxuv",Thu Jun 23 13:56:54 +0000 2016,http://twitter.com/hooks29eogrigg/status/745978945091280897,714707633354227712,LeviAvavilevi
745978624029908992,boldongoodiem,"RT @LeviAvavilevi: Free Internet TV - A Complete Guide For Canadians
https://t.co/BScNYJTxuv",Thu Jun 23 13:55:38 +0000 2016,http://twitter.com/boldongoodiem/status/745978624029908992,714707633354227712,LeviAvavilevi
745978520699015168,traynham6salli,"RT @LeviAvavilevi: Free Internet TV - A Complete Guide For Canadians
https://t.co/BScNYJTxuv",Thu Jun 23 13:55:13 +0000 2016,http://twitter.com/traynham6salli/status/745978520699015168,714707633354227712,LeviAvavilevi
745978511895166980,abel8nvsbarash,"RT @LeviAvavilevi: Free Internet TV - A Complete Guide For Canadians
https://t.co/BScNYJTxuv",Thu Jun 23 13:55:11 +0000 2016,http://twitter.com/abel8nvsbarash/status/745978511895166980,714707633354227712,LeviAvavilevi
745978369519542272,nzq03wich,"RT @LeviAvavilevi: Free Internet TV - A Complete Guide For Canadians
https://t.co/BScNYJTxuv",Thu Jun 23 13:54:37 +0000 2016,http://twitter.com/nzq03wich/status/745978369519542272,714707633354227712,LeviAvavilevi
745979201581350912,rayyanbarger,"RT @amira_buzavgo: Watch Internet TV, and Online TV for free!!
https://t.co/XGJCN5lMBj",Thu Jun 23 13:57:55 +0000 2016,http://twitter.com/rayyanbarger/status/745979201581350912,714714450801123328,amira_buzavgo
745978325525499905,sanantoniodom,"RT @LeviAvavilevi: Free Internet TV - A Complete Guide For Canadians
https://t.co/BScNYJTxuv",Thu Jun 23 13:54:27 +0000 2016,http://twitter.com/sanantoniodom/status/745978325525499905,714707633354227712,LeviAvavilevi
745977965008273408,benedithfh,"RT @LeviAvavilevi: Free Internet TV - A Complete Guide For Canadians
https://t.co/BScNYJTxuv",Thu Jun 23 13:53:01 +0000 2016,http://twitter.com/benedithfh/status/745977965008273408,714707633354227712,LeviAvavilevi
745977689639616512,loevenherna,"RT @LeviAvavilevi: Free Internet TV - A Complete Guide For Canadians
https://t.co/BScNYJTxuv",Thu Jun 23 13:51:55 +0000 2016,http://twitter.com/loevenherna/status/745977689639616512,714707633354227712,LeviAvavilevi
745977420403064832,sylvadgxvan,"RT @LeviAvavilevi: Free Internet TV - A Complete Guide For Canadians
https://t.co/BScNYJTxuv",Thu Jun 23 13:50:51 +0000 2016,http://twitter.com/sylvadgxvan/status/745977420403064832,714707633354227712,LeviAvavilevi
745977219135188992,abbassi1rg,"RT @LeviAvavilevi: Free Internet TV - A Complete Guide For Canadians
https://t.co/BScNYJTxuv",Thu Jun 23 13:50:03 +0000 2016,http://twitter.com/abbassi1rg/status/745977219135188992,714707633354227712,LeviAvavilevi
745976965845385217,schragder,"RT @LeviAvavilevi: Free Internet TV - A Complete Guide For Canadians
https://t.co/BScNYJTxuv",Thu Jun 23 13:49:02 +0000 2016,http://twitter.com/schragder/status/745976965845385217,714707633354227712,LeviAvavilevi
745976451233636352,bulbul_reina,"RT @LeviAvavilevi: Free Internet TV - A Complete Guide For Canadians
https://t.co/BScNYJTxuv",Thu Jun 23 13:47:00 +0000 2016,http://twitter.com/bulbul_reina/status/745976451233636352,714707633354227712,LeviAvavilevi
745975844825333760,quiraltewk,"RT @LeviAvavilevi: Free Internet TV - A Complete Guide For Canadians
https://t.co/BScNYJTxuv",Thu Jun 23 13:44:35 +0000 2016,http://twitter.com/quiraltewk/status/745975844825333760,714707633354227712,LeviAvavilevi
745975614826504192,48kgmcnittsa,"RT @LeviAvavilevi: Free Internet TV - A Complete Guide For Canadians
https://t.co/BScNYJTxuv",Thu Jun 23 13:43:40 +0000 2016,http://twitter.com/48kgmcnittsa/status/745975614826504192,714707633354227712,LeviAvavilevi
745975570018729984,mulkinbellin,"RT @LeviAvavilevi: Free Internet TV - A Complete Guide For Canadians
https://t.co/BScNYJTxuv",Thu Jun 23 13:43:30 +0000 2016,http://twitter.com/mulkinbellin/status/745975570018729984,714707633354227712,LeviAvavilevi
745975402909274112,chase800m,"RT @LeviAvavilevi: Free Internet TV - A Complete Guide For Canadians
https://t.co/BScNYJTxuv",Thu Jun 23 13:42:50 +0000 2016,http://twitter.com/chase800m/status/745975402909274112,714707633354227712,LeviAvavilevi
745974965435043844,z4kowalc,"RT @LeviAvavilevi: Free Internet TV - A Complete Guide For Canadians
https://t.co/BScNYJTxuv",Thu Jun 23 13:41:05 +0000 2016,http://twitter.com/z4kowalc/status/745974965435043844,714707633354227712,LeviAvavilevi
745974810816184320,holdemankd,"RT @LeviAvavilevi: Free Internet TV - A Complete Guide For Canadians
https://t.co/BScNYJTxuv",Thu Jun 23 13:40:29 +0000 2016,http://twitter.com/holdemankd/status/745974810816184320,714707633354227712,LeviAvavilevi
745974727437619200,dietzlerdoll,"RT @LeviAvavilevi: Free Internet TV - A Complete Guide For Canadians
https://t.co/BScNYJTxuv",Thu Jun 23 13:40:09 +0000 2016,http://twitter.com/dietzlerdoll/status/745974727437619200,714707633354227712,LeviAvavilevi
745974704691884032,bromley055vh,"RT @LeviAvavilevi: Free Internet TV - A Complete Guide For Canadians
https://t.co/BScNYJTxuv",Thu Jun 23 13:40:03 +0000 2016,http://twitter.com/bromley055vh/status/745974704691884032,714707633354227712,LeviAvavilevi
